Date,Open,High,Low,Close,Volume,Market Cap
2016-09-29,0.000121,0.000123,8.4e-05,9.2e-05,256,
2016-09-30,9.2e-05,9.9e-05,7.6e-05,8.4e-05,1098,
2016-10-01,8.4e-05,0.000117,3.7e-05,3.7e-05,599,25897.0
2016-10-02,3.7e-05,7.7e-05,3.7e-05,6.9e-05,114,48411.0
2016-10-03,6.9e-05,8.3e-05,6.1e-05,6.9e-05,161,48687.0
2016-10-04,6.9e-05,7.5e-05,5.8e-05,7.1e-05,548,49902.0
2016-10-05,7.1e-05,9.9e-05,6e-05,8.8e-05,531,61478.0
2016-10-06,8.8e-05,0.000104,6.6e-05,8.7e-05,9,61018.0
2016-10-07,8.6e-05,8.7e-05,6.3e-05,7.3e-05,931,50999.0
2016-10-08,7.3e-05,8.1e-05,6e-05,7.5e-05,144,52500.0
2016-10-09,7.5e-05,7.9e-05,6.6e-05,7.1e-05,265,50112.0
2016-10-10,7.1e-05,8.4e-05,6.9e-05,8.4e-05,1299,59291.0
2016-10-11,8.5e-05,0.000125,8.5e-05,0.000118,1155,82895.0
2016-10-12,0.000142,0.00039,0.000131,0.000259,3398,181982.0
2016-10-13,0.000261,0.000355,0.000249,0.000303,3220,212850.0
2016-10-14,0.000303,0.00045,0.000199,0.000405,1398,284050.0
2016-10-15,0.000405,0.000456,0.000204,0.000374,8776,262355.0
2016-10-16,0.000374,0.000453,0.000218,0.000448,4419,314401.0
2016-10-17,0.000448,0.000643,0.000322,0.000634,6320,445080.0
2016-10-18,0.000634,0.000753,0.000463,0.000664,4482,466339.0
2016-10-19,0.000665,0.000814,0.000636,0.000678,2845,476061.0
2016-10-20,0.000678,0.000832,0.000657,0.000804,3914,564351.0
2016-10-21,0.000804,0.000968,0.000724,0.000881,4663,618465.0
2016-10-22,0.000881,0.000977,0.000708,0.000905,4223,635247.0
2016-10-23,0.000974,0.001018,0.000331,0.000602,1297,422566.0
2016-10-24,0.000602,0.000656,0.000387,0.000387,375,271563.0
2016-10-25,0.000387,0.000608,0.000375,0.000608,1034,426803.0
2016-10-26,0.000609,0.000642,0.000411,0.000492,540,345423.0
2016-10-27,0.000556,0.000558,0.000333,0.000358,245,251571.0
2016-10-28,0.000359,0.000415,0.00031,0.000393,1279,275501.0
2016-10-29,0.000393,0.000395,0.00012,0.000308,1276,216387.0
2016-10-30,0.000308,0.000313,0.000122,0.000254,470,178069.0
2016-10-31,0.000254,0.000312,0.000203,0.000217,677,152262.0
2016-11-01,0.000217,0.000276,0.000187,0.000197,996,138419.0
2016-11-02,0.000197,0.000248,0.00017,0.000239,903,168062.0
2016-11-03,0.00024,0.000502,0.000193,0.000491,674,344664.0
2016-11-04,0.000491,0.000502,0.000281,0.000293,283,205950.0
2016-11-05,0.000293,0.000365,0.000234,0.00024,98,168553.0
2016-11-06,0.000238,0.000348,0.000238,0.000323,424,227027.0
2016-11-07,0.00032,0.000328,0.00024,0.000243,194,170857.0
2016-11-08,0.000244,0.000328,0.000242,0.000309,533,216944.0
2016-11-09,0.000304,0.000332,0.000241,0.000253,802,177318.0
2016-11-10,0.00025,0.000339,0.000242,0.000272,933,190978.0
2016-11-11,0.000271,0.000323,0.000235,0.000252,116,176671.0
2016-11-12,0.000247,0.000277,0.000232,0.000261,114,183200.0
2016-11-13,0.000261,0.000267,0.000227,0.000231,450,162087.0
2016-11-14,0.000228,0.000231,0.000218,0.000225,152,157903.0
2016-11-15,0.000225,0.000242,0.00022,0.000232,88,163123.0
2016-11-16,0.000234,0.00024,0.000193,0.000208,16,145705.0
2016-11-17,0.000206,0.000227,0.000196,0.000218,190,153064.0
2016-11-18,0.000218,0.000222,0.000193,0.000208,979,146171.0
2016-11-19,0.000204,0.000338,0.000201,0.000327,771,229189.0
2016-11-20,0.000336,0.000339,0.000209,0.000287,863,201339.0
2016-11-21,0.000287,0.000295,0.000227,0.000228,12,160199.0
2016-11-22,0.000228,0.000233,0.000202,0.000213,2,149823.0
2016-11-23,0.000214,0.000221,0.000211,0.000215,20,150631.0
2016-11-24,0.000215,0.000261,0.0002,0.000203,3,142514.0
2016-11-25,0.000203,0.000219,0.000189,0.000207,1,145129.0
2016-11-26,0.000207,0.000221,0.000192,0.000219,19,153925.0
2016-11-27,0.000219,0.00025,0.000219,0.000239,28,167571.0
2016-11-28,0.000239,0.00024,0.000194,0.000236,243,165415.0
2016-11-29,0.000236,0.000238,0.000228,0.000232,4,162641.0
2016-11-30,0.000234,0.000234,0.000222,0.000227,609,159309.0
2016-12-01,0.000227,0.000227,0.000165,0.000204,0,143363.0
2016-12-02,0.000205,0.000214,0.000179,0.000185,4,130122.0
2016-12-03,0.000185,0.000189,0.000177,0.000185,84,129536.0
2016-12-04,0.000185,0.000191,0.00015,0.000153,24,107658.0
2016-12-05,0.000153,0.000171,0.000143,0.000146,23,102403.0
2016-12-06,0.000146,0.000147,0.000134,0.000141,407,99065.0
2016-12-07,0.000141,0.0002,0.000141,0.000193,347,135246.0
2016-12-08,0.000193,0.000202,0.000179,0.00018,0,126144.0
2016-12-10,0.000331,0.000331,0.000255,0.000256,95,179762.0
2016-12-11,0.000256,0.000256,0.000165,0.000165,0,115751.0
2016-12-12,0.000165,0.000299,0.000162,0.000299,17,209645.0
2016-12-13,0.000299,0.000305,0.000176,0.000274,42,192593.0
2016-12-14,0.000274,0.000294,0.000216,0.00023,1,161503.0
2016-12-15,0.000235,0.00024,0.000219,0.000229,10,160701.0
2016-12-16,0.000229,0.000285,0.000226,0.000278,240,194832.0
2016-12-17,0.000278,0.00028,0.000199,0.0002,45,140428.0
2016-12-18,0.0002,0.000266,0.000188,0.000188,86,132229.0
2016-12-19,0.000188,0.000219,0.000188,0.000197,15,138135.0
2016-12-20,0.000197,0.000202,0.000194,0.000195,62,137067.0
2016-12-21,0.000195,0.000225,0.000162,0.000164,17,115039.0
2016-12-22,0.000164,0.000193,0.000144,0.000192,31,134541.0
2016-12-23,0.000192,0.000193,0.000132,0.000136,15,95679.0
2016-12-24,0.000137,0.000158,0.000137,0.000148,687,103801.0
2016-12-25,0.000146,0.000348,0.000135,0.000346,5,242641.0
2016-12-26,0.000346,0.000357,0.000321,0.000332,28,232793.0
2016-12-27,0.000333,0.000357,0.000197,0.000308,2,216480.0
2016-12-28,0.000312,0.000316,0.000159,0.000243,20,170760.0
2016-12-29,0.000242,0.000295,0.000179,0.00021,54,147189.0
2016-12-30,0.000212,0.000288,0.000177,0.000274,13,192018.0
2016-12-31,0.000274,0.000285,0.000191,0.000194,299,136330.0
2017-01-01,0.000193,0.000216,0.000192,0.000215,6,150737.0
2017-01-02,0.000206,0.000207,0.000191,0.000204,10,142986.0
2017-01-03,0.000204,0.000259,0.000203,0.000217,886,151989.0
2017-01-04,0.000217,0.000332,0.000214,0.000295,4441,207071.0
2017-01-05,0.000295,0.000329,0.000214,0.000226,546,158735.0
2017-01-06,0.000227,0.000258,0.000202,0.000245,729,172148.0
2017-01-07,0.000246,0.000281,0.000216,0.000247,351,173673.0
2017-01-08,0.000237,0.00028,0.000232,0.000259,42,182008.0
2017-01-09,0.000261,0.0003,0.000235,0.000281,188,197237.0
2017-01-10,0.000281,0.000281,0.000255,0.000255,98,178994.0
2017-01-11,0.000257,0.000271,0.000214,0.000235,804,164961.0
2017-01-12,0.000235,0.000238,0.000216,0.000222,3643,156004.0
2017-01-13,0.000222,0.000733,0.000194,0.0006,876,420794.0
2017-01-14,0.0006,0.000609,0.000191,0.000456,7017,320114.0
2017-01-15,0.000456,0.000459,0.000183,0.000297,2855,208370.0
2017-01-16,0.000297,0.000417,0.000295,0.000362,6119,253855.0
2017-01-17,0.000362,0.000382,0.000221,0.000381,7753,267642.0
2017-01-18,0.000382,0.000387,0.000306,0.00036,2671,252923.0
2017-01-19,0.000361,0.000463,0.000344,0.000436,1143,305671.0
2017-01-20,0.000435,0.000454,0.000362,0.000443,6300,310983.0
2017-01-21,0.000444,0.000465,0.000369,0.000376,1541,264240.0
2017-01-22,0.000377,0.000436,0.000363,0.000367,2116,257718.0
2017-01-23,0.000368,0.000378,0.000345,0.000378,93,265212.0
2017-01-24,0.000373,0.000413,0.000366,0.000395,800,277531.0
2017-01-25,0.000395,0.000405,0.000327,0.000359,3787,252176.0
2017-01-26,0.000359,0.000391,0.000337,0.000378,840,265201.0
2017-01-27,0.000378,0.000752,0.000378,0.000745,11287,522735.0
2017-01-28,0.000745,0.001098,0.000543,0.000882,10022,618865.0
2017-01-29,0.000885,0.001323,0.000726,0.000737,9211,517309.0
2017-01-30,0.000732,0.000845,0.00059,0.000597,3651,419089.0
2017-01-31,0.00059,0.000858,0.000586,0.000733,1727,514616.0
2017-02-01,0.000733,0.000866,0.000662,0.000708,8069,497131.0
2017-02-02,0.000795,0.000907,0.000671,0.0008,557,561462.0
2017-02-03,0.000807,0.001439,0.000805,0.001343,10990,942364.0
2017-02-04,0.001344,0.002367,0.001248,0.001798,8862,1262282.0
2017-02-05,0.0018,0.002086,0.001419,0.001438,27419,1009429.0
2017-02-06,0.001437,0.001875,0.001437,0.001635,6870,1147517.0
2017-02-07,0.001612,0.002046,0.001426,0.001725,4027,1210939.0
2017-02-08,0.001725,0.001728,0.001399,0.001399,3038,982181.0
2017-02-09,0.001401,0.001654,0.001337,0.001593,5140,1117792.0
2017-02-10,0.001597,0.001752,0.001394,0.001743,6265,1223679.0
2017-02-11,0.001744,0.002043,0.001576,0.001992,10927,1398251.0
2017-02-12,0.001991,0.00253,0.001789,0.002032,20122,1426039.0
2017-02-13,0.002036,0.003086,0.002035,0.003076,38431,2159241.0
2017-02-14,0.003078,0.003914,0.002824,0.003636,85989,2551762.0
2017-02-15,0.003637,0.003975,0.003088,0.003403,31130,2388406.0
2017-02-16,0.003405,0.003599,0.002927,0.003042,11848,2135138.0
2017-02-17,0.003054,0.003536,0.002646,0.002874,13582,2017362.0
2017-02-18,0.002879,0.002941,0.002426,0.002537,15895,1780546.0
2017-02-19,0.002537,0.002828,0.002347,0.002651,5531,1860484.0
2017-02-20,0.002652,0.00293,0.002566,0.002678,9750,1879772.0
2017-02-21,0.002677,0.003089,0.002539,0.002743,20797,1925352.0
2017-02-22,0.002742,0.002886,0.00223,0.002299,9329,1613961.0
2017-02-23,0.002298,0.003258,0.002261,0.002859,11108,2006799.0
2017-02-24,0.002864,0.002985,0.002619,0.002621,6187,1839385.0
2017-02-25,0.002618,0.002963,0.00253,0.002785,3777,1954782.0
2017-02-26,0.002786,0.002925,0.002403,0.002784,9085,1954199.0
2017-02-27,0.002781,0.002872,0.002547,0.002579,9438,1810124.0
2017-02-28,0.00258,0.003161,0.002475,0.003089,26383,2168253.0
2017-03-01,0.003089,0.003108,0.002431,0.002431,11624,1706308.0
2017-03-02,0.002511,0.002638,0.002237,0.002474,9788,1736651.0
2017-03-03,0.002474,0.002546,0.002068,0.002068,4165,1451651.0
2017-03-04,0.002073,0.002277,0.001862,0.002039,3109,1430980.0
2017-03-05,0.002037,0.002219,0.001695,0.002218,5200,1556666.0
2017-03-06,0.002219,0.002284,0.002012,0.002261,869,1587142.0
2017-03-07,0.002262,0.002347,0.002025,0.002025,2344,1421315.0
2017-03-08,0.002023,0.002207,0.001914,0.001938,5286,1360230.0
2017-03-09,0.001936,0.002252,0.001845,0.001849,5058,1297784.0
2017-03-10,0.00185,0.002383,0.001566,0.001726,11761,1211108.0
2017-03-11,0.001718,0.002024,0.001667,0.001668,1402,1170581.0
2017-03-12,0.001669,0.001918,0.001434,0.001915,6984,1343785.0
2017-03-13,0.001915,0.002236,0.001635,0.002236,7279,1569560.0
2017-03-14,0.002282,0.002641,0.001909,0.001957,1784,1373369.0
2017-03-15,0.001957,0.002237,0.001617,0.001852,5830,1299756.0
2017-03-16,0.001854,0.001864,0.001593,0.001646,2574,1155378.0
2017-03-17,0.001636,0.001864,0.001463,0.001759,5806,1234396.0
2017-03-18,0.001759,0.001837,0.001301,0.001516,4412,1064077.0
2017-03-19,0.00152,0.001739,0.001499,0.001629,1530,1143460.0
2017-03-20,0.001628,0.001733,0.001501,0.001513,2725,1062238.0
2017-03-21,0.001515,0.001897,0.001515,0.001891,4685,1327291.0
2017-03-22,0.001892,0.002276,0.00186,0.002243,14467,1574326.0
2017-03-23,0.002037,0.002784,0.002036,0.00254,19258,1782947.0
2017-03-24,0.002335,0.002739,0.00225,0.002267,7121,1591354.0
2017-03-25,0.00225,0.002828,0.002244,0.002809,13084,1971901.0
2017-03-26,0.002813,0.003407,0.00259,0.003357,25703,2355972.0
2017-03-27,0.003357,0.003702,0.003187,0.003702,33463,2598101.0
2017-03-28,0.003704,0.004295,0.00329,0.004295,17853,3014662.0
2017-03-29,0.004291,0.00447,0.003662,0.004386,25019,3078414.0
2017-03-30,0.004359,0.00438,0.003893,0.003957,10882,2777327.0
2017-03-31,0.003958,0.004567,0.003958,0.004251,23262,2983470.0
2017-04-01,0.004246,0.004644,0.003554,0.004237,27602,2973805.0
2017-04-02,0.00423,0.005189,0.00378,0.005086,22620,3569564.0
2017-04-03,0.005045,0.005534,0.004104,0.004465,41082,3134010.0
2017-04-04,0.004459,0.00458,0.004038,0.00418,15657,2933672.0
2017-04-05,0.004183,0.004642,0.003797,0.004642,13041,3257914.0
2017-04-06,0.004668,0.00476,0.003543,0.003586,17652,2516816.0
2017-04-07,0.003574,0.004393,0.003242,0.003709,10568,2603505.0
2017-04-08,0.003696,0.003766,0.003135,0.003186,12484,2236160.0
2017-04-09,0.003187,0.004282,0.003169,0.004168,10219,2925740.0
2017-04-10,0.004167,0.004235,0.003578,0.004049,3985,2842237.0
2017-04-11,0.004051,0.004656,0.003619,0.004648,12809,3262413.0
2017-04-12,0.004652,0.005053,0.004261,0.00503,32735,3530729.0
2017-04-13,0.005032,0.005294,0.004658,0.004779,16956,3354107.0
2017-04-14,0.004783,0.005192,0.004524,0.00467,13732,3277735.0
2017-04-15,0.004312,0.004815,0.004302,0.004559,4851,3199889.0
2017-04-16,0.004468,0.004763,0.004333,0.004411,14286,3095758.0
2017-04-17,0.004412,0.004818,0.004168,0.00469,7849,3292103.0
2017-04-18,0.00469,0.005043,0.004465,0.004777,6769,3353132.0
2017-04-19,0.004782,0.005057,0.004544,0.005057,6465,3549287.0
2017-04-20,0.00506,0.005281,0.00486,0.005116,14485,3590705.0
2017-04-21,0.005117,0.005474,0.003738,0.003751,50557,2632451.0
2017-04-22,0.003876,0.004927,0.003796,0.004352,7972,3054943.0
2017-04-23,0.004293,0.004688,0.004231,0.00455,12800,3193839.0
2017-04-24,0.004554,0.004896,0.004266,0.004449,17928,3122745.0
2017-04-25,0.004447,0.005005,0.004264,0.004264,7288,2992609.0
2017-04-26,0.004265,0.00508,0.00422,0.004259,14796,2989317.0
2017-04-27,0.004261,0.004918,0.004158,0.00416,18330,2920146.0
2017-04-28,0.00416,0.004543,0.004057,0.004355,6608,3056628.0
2017-04-29,0.004371,0.005075,0.003823,0.004981,35404,3495972.0
2017-04-30,0.004981,0.005076,0.004054,0.004407,1838,3093091.0
2017-05-01,0.00439,0.005117,0.004109,0.004293,21207,3013244.0
2017-05-02,0.004293,0.004713,0.003662,0.004325,16959,3035361.0
2017-05-03,0.004327,0.004372,0.003739,0.004236,22189,2973082.0
2017-05-04,0.004594,0.00522,0.003922,0.003999,8578,2806953.0
2017-05-05,0.004007,0.005149,0.004007,0.004837,2085,3395329.0
2017-05-06,0.004842,0.006586,0.004612,0.006194,12245,4347441.0
2017-05-07,0.006198,0.0062,0.005018,0.005527,12635,3879538.0
2017-05-08,0.005529,0.006647,0.005226,0.006053,38174,4248469.0
2017-05-09,0.006055,0.007055,0.005721,0.006557,32118,4602338.0
2017-05-10,0.006561,0.007083,0.006396,0.007061,36467,4955764.0
2017-05-11,0.007067,0.008549,0.006576,0.00786,37654,5516984.0
2017-05-12,0.007863,0.007985,0.00661,0.006895,37839,4839385.0
2017-05-13,0.006882,0.008054,0.00665,0.008038,39848,5641716.0
2017-05-14,0.008028,0.00912,0.007878,0.00912,94965,6401287.0
2017-05-15,0.009107,0.010728,0.008701,0.009601,75028,6738466.0
2017-05-16,0.010211,0.010211,0.008569,0.00928,29183,6513266.0
2017-05-17,0.009263,0.010514,0.008615,0.009609,20637,6744488.0
2017-05-18,0.009604,0.010336,0.009215,0.009543,8805,6697812.0
2017-05-19,0.009544,0.01396,0.009544,0.01207,144402,8471529.0
2017-05-20,0.014001,0.015159,0.012703,0.01484,195583,10415748.0
2017-05-21,0.014889,0.016814,0.014874,0.016767,129822,11768630.0
2017-05-22,0.016806,0.022287,0.015046,0.02024,211879,14206413.0
2017-05-23,0.020221,0.023577,0.018295,0.020629,301082,14479095.0
2017-05-24,0.021331,0.027287,0.019814,0.026816,379198,18821862.0
2017-05-25,0.026768,0.029097,0.019366,0.02453,201275,17217285.0
2017-05-26,0.02286,0.027091,0.020876,0.021065,87218,14785467.0
2017-05-27,0.020397,0.021499,0.011677,0.018641,172737,13083750.0
2017-05-28,0.018748,0.021714,0.018451,0.019081,35110,13392930.0
2017-05-29,0.019045,0.022916,0.019045,0.022405,29683,15725430.0
2017-05-30,0.022439,0.023218,0.018774,0.02042,75116,14332121.0
2017-05-31,0.0205,0.023904,0.018535,0.023904,28198,16777765.0
2017-06-01,0.024473,0.025827,0.020373,0.021307,21495,14955113.0
2017-06-02,0.02132,0.022734,0.018946,0.020893,31964,14664182.0
2017-06-03,0.02088,0.022422,0.01808,0.020695,34664,14525279.0
2017-06-04,0.02065,0.021161,0.016785,0.019018,32697,13348570.0
2017-06-05,0.019991,0.021225,0.016247,0.021225,51257,14897699.0
2017-06-06,0.021289,0.02193,0.018085,0.021091,43658,14803365.0
2017-06-07,0.021096,0.022092,0.018021,0.019267,55696,13523480.0
2017-06-08,0.019362,0.02092,0.017748,0.019759,30864,13868667.0
2017-06-09,0.01973,0.026813,0.018253,0.026106,36062,18323103.0
2017-06-10,0.025864,0.025864,0.018799,0.019091,56731,13400019.0
2017-06-11,0.019088,0.020958,0.015959,0.020811,33019,14607189.0
2017-06-12,0.020778,0.020869,0.014601,0.018043,23098,12664093.0
2017-06-13,0.017983,0.01839,0.014556,0.016325,15165,11458327.0
2017-06-14,0.016316,0.017084,0.014146,0.01423,19479,9987669.0
2017-06-15,0.014229,0.01478,0.01174,0.01421,18812,9974053.0
2017-06-16,0.014211,0.015656,0.013515,0.015002,13125,10529524.0
2017-06-17,0.015005,0.015839,0.014304,0.014751,3093,10353421.0
2017-06-18,0.014751,0.022223,0.014739,0.020436,10305,14343772.0
2017-06-19,0.020701,0.021785,0.01693,0.019734,20613,13850909.0
2017-06-20,0.019727,0.020404,0.016176,0.017286,20356,12133118.0
2017-06-21,0.018011,0.019861,0.017658,0.01913,52749,13426971.0
2017-06-22,0.019139,0.019788,0.017577,0.018807,9398,13200262.0
2017-06-23,0.018807,0.023634,0.017904,0.021685,19850,15220706.0
2017-06-24,0.021684,0.021923,0.019103,0.020446,15611,14350510.0
2017-06-25,0.020403,0.020412,0.018202,0.018632,15253,13077222.0
2017-06-26,0.018626,0.019514,0.015073,0.0161,8815,11300683.0
2017-06-27,0.016423,0.019074,0.012854,0.017413,24349,12221555.0
2017-06-28,0.017519,0.01826,0.015268,0.0154,9985,10809084.0
2017-06-29,0.015392,0.017377,0.015255,0.015278,4243,10723665.0
2017-06-30,0.015307,0.01656,0.015132,0.015804,4224,11092575.0
2017-07-01,0.015727,0.01656,0.013896,0.014258,6807,10007252.0
2017-07-02,0.014254,0.015873,0.013778,0.014767,6160,10364791.0
2017-07-03,0.014722,0.017314,0.014658,0.015975,6426,11212948.0
2017-07-04,0.015949,0.017583,0.015631,0.017484,5035,12272021.0
2017-07-05,0.017477,0.01769,0.015918,0.01736,7466,12185057.0
2017-07-06,0.017397,0.018597,0.016709,0.016709,5000,11727850.0
2017-07-07,0.016718,0.017018,0.012637,0.015621,22856,10963920.0
2017-07-08,0.015633,0.015635,0.012307,0.013037,17128,9150251.0
2017-07-09,0.013054,0.016012,0.012966,0.012968,3997,9102242.0
2017-07-10,0.012985,0.015155,0.011671,0.012001,5809,8423310.0
2017-07-11,0.011976,0.014631,0.011207,0.011281,27433,7917673.0
2017-07-12,0.011225,0.012817,0.010865,0.012281,10331,8620048.0
2017-07-13,0.012292,0.014036,0.011685,0.011685,3077,8201655.0
2017-07-14,0.011683,0.011972,0.00957,0.009861,2116,6921264.0
2017-07-15,0.009871,0.010069,0.008332,0.008858,9312,6217176.0
2017-07-16,0.008833,0.009981,0.006771,0.009818,3757,6891181.0
2017-07-17,0.009809,0.010999,0.009435,0.010897,5448,7648500.0
2017-07-18,0.010917,0.01192,0.010346,0.011643,5768,8172036.0
2017-07-19,0.011644,0.013245,0.009516,0.010787,4785,7571363.0
2017-07-20,0.01077,0.014762,0.010744,0.014072,64450,9876701.0
2017-07-21,0.014193,0.01884,0.011158,0.014385,89799,10096812.0
2017-07-22,0.014382,0.016932,0.012275,0.016893,85404,11856856.0
2017-07-23,0.016893,0.018403,0.013337,0.016671,80097,11701249.0
2017-07-24,0.016646,0.016646,0.013369,0.013537,21888,9501263.0
2017-07-25,0.013535,0.014096,0.010585,0.010597,45596,7437724.0
2017-07-26,0.0106,0.011286,0.009895,0.010549,54916,7404104.0
2017-07-27,0.010575,0.012714,0.009917,0.011528,48401,8090968.0
2017-07-28,0.011561,0.013059,0.01103,0.011346,28719,7963576.0
2017-07-29,0.011325,0.012002,0.010837,0.011633,9757,8164666.0
2017-07-30,0.011585,0.011615,0.01007,0.011028,4932,7740026.0
2017-07-31,0.011039,0.011095,0.010148,0.010584,12029,7428951.0
2017-08-01,0.010589,0.011692,0.009711,0.011553,3067,8108796.0
2017-08-02,0.011552,0.011561,0.010539,0.010756,3033,7549605.0
2017-08-03,0.010775,0.01102,0.010596,0.010963,2816,7694544.0
2017-08-04,0.010695,0.011881,0.010511,0.010852,2039,7616986.0
2017-08-05,0.010847,0.01276,0.010839,0.01276,9041,8955829.0
2017-08-06,0.012763,0.012886,0.011554,0.01186,3601,8324344.0
2017-08-07,0.011854,0.013357,0.010845,0.013291,5319,9329091.0
2017-08-08,0.013234,0.014318,0.012319,0.012447,19881,8736140.0
2017-08-09,0.012437,0.014227,0.01202,0.014021,12948,9841256.0
2017-08-10,0.014024,0.014154,0.012945,0.013351,9294,9370713.0
2017-08-11,0.013377,0.014163,0.011974,0.013309,16612,9341374.0
2017-08-12,0.013299,0.01399,0.012252,0.012987,5472,9115087.0
2017-08-13,0.012977,0.013672,0.012661,0.013026,15997,9142531.0
2017-08-14,0.013033,0.016662,0.012761,0.013932,12587,9778648.0
2017-08-15,0.013957,0.014531,0.012257,0.013292,12690,9329442.0
2017-08-16,0.013335,0.014229,0.011596,0.013514,65926,9485050.0
2017-08-17,0.013502,0.013552,0.010405,0.010758,15806,7550798.0
2017-08-18,0.011218,0.011598,0.010084,0.010503,4079,7371888.0
2017-08-19,0.010495,0.011232,0.009767,0.01015,4711,7123842.0
2017-08-20,0.010105,0.014026,0.009445,0.009873,12008,6929434.0
2017-08-21,0.009803,0.013771,0.009799,0.011994,19188,8418678.0
2017-08-22,0.012022,0.012185,0.009714,0.010214,2888,7168973.0
2017-08-23,0.010202,0.013727,0.010153,0.010963,8430,7694614.0
2017-08-24,0.010967,0.013671,0.010947,0.011446,6771,8033624.0
2017-08-25,0.011467,0.014535,0.009916,0.011128,24602,7810846.0
2017-08-26,0.011132,0.013151,0.00978,0.012601,14737,8844300.0
2017-08-27,0.012598,0.014174,0.012083,0.012834,31756,9007839.0
2017-08-28,0.012828,0.014038,0.012114,0.012244,8697,8593587.0
2017-08-29,0.012265,0.014073,0.01095,0.011706,19579,8216395.0
2017-08-30,0.011691,0.013832,0.011179,0.011602,17403,8143048.0
2017-08-31,0.011582,0.012786,0.011283,0.011924,25514,8369265.0
2017-09-01,0.011936,0.012047,0.011523,0.011827,17079,8300831.0
2017-09-02,0.011842,0.012006,0.010606,0.010878,6060,7634743.0
2017-09-03,0.010887,0.0115,0.010286,0.011014,8987,7730621.0
2017-09-04,0.011018,0.011456,0.009614,0.009783,6483,6866531.0
2017-09-05,0.009826,0.010664,0.009244,0.01033,8136,7250743.0
2017-09-06,0.010342,0.012255,0.010342,0.01183,19859,8303569.0
2017-09-07,0.011813,0.012707,0.010726,0.010849,9095,7614950.0
2017-09-08,0.010855,0.012332,0.009864,0.010635,4765,7464536.0
2017-09-09,0.010656,0.01163,0.00955,0.01163,447,8162560.0
2017-09-10,0.011655,0.011763,0.010256,0.010584,3486,7428600.0
2017-09-11,0.010568,0.011079,0.009995,0.010522,4995,7385364.0
2017-09-12,0.010742,0.011488,0.010742,0.01092,9891,7664222.0
2017-09-13,0.010924,0.011269,0.009518,0.009877,3133,6932214.0
2017-09-14,0.009876,0.010008,0.007135,0.007135,2749,5007718.0
2017-09-15,0.007144,0.00973,0.007144,0.009422,4442,6612814.0
2017-09-16,0.009398,0.009912,0.007803,0.009912,937,6956913.0
2017-09-17,0.009871,0.011156,0.009091,0.010881,1450,7637270.0
2017-09-18,0.010881,0.012687,0.009645,0.01056,8886,7412176.0
2017-09-19,0.010586,0.010658,0.009146,0.009352,3726,6564370.0
2017-09-20,0.009342,0.009808,0.008631,0.009435,18292,6622493.0
2017-09-21,0.009544,0.01031,0.007894,0.008339,12872,5852990.0
2017-09-22,0.00833,0.008595,0.007884,0.008539,4951,5993612.0
2017-09-23,0.008519,0.009431,0.00705,0.009431,1096,6619447.0
2017-09-24,0.00943,0.00943,0.007614,0.007614,6057,5343836.0
2017-09-25,0.007604,0.009374,0.007602,0.009123,4775,6403176.0
2017-09-26,0.009122,0.00984,0.008652,0.008681,5389,6092823.0
2017-09-27,0.008655,0.012962,0.008655,0.01136,43498,7973192.0
2017-09-28,0.01136,0.013288,0.010516,0.012346,40919,8665600.0
2017-09-29,0.012337,0.013839,0.012182,0.013548,17678,9508914.0
2017-09-30,0.013551,0.014467,0.013545,0.014422,8012,10122361.0
2017-10-01,0.014428,0.014534,0.013612,0.013724,2740,9632726.0
2017-10-02,0.013719,0.01391,0.011091,0.0117,13321,8212324.0
2017-10-03,0.011736,0.013149,0.010693,0.012498,5477,8772217.0
2017-10-04,0.012527,0.012535,0.010282,0.010924,2588,7667311.0
2017-10-05,0.010934,0.011703,0.010293,0.01158,1511,8127887.0
2017-10-06,0.01158,0.011731,0.010825,0.010825,2548,7597684.0
2017-10-07,0.010823,0.012533,0.010628,0.01114,5515,7819058.0
2017-10-08,0.011111,0.012032,0.01065,0.011144,8298,7821795.0
2017-10-09,0.011148,0.011282,0.010417,0.010686,3336,7500543.0
2017-10-10,0.010685,0.011449,0.00964,0.010762,4424,7553325.0
2017-10-11,0.010762,0.011492,0.01026,0.010273,1825,7210103.0
2017-10-12,0.010281,0.012457,0.010224,0.011613,5813,8150979.0
2017-10-13,0.011649,0.028033,0.011575,0.022167,382769,15558803.0
2017-10-14,0.022173,0.035187,0.019753,0.028256,273408,19832364.0
2017-10-15,0.026048,0.031081,0.023439,0.024293,72189,17051009.0
2017-10-16,0.024724,0.026351,0.022696,0.022988,42745,16135190.0
2017-10-17,0.022991,0.023055,0.020104,0.020181,48027,14164862.0
2017-10-18,0.0202,0.022954,0.019213,0.022874,8386,16055035.0
2017-10-19,0.022873,0.028022,0.021396,0.025647,49187,18001219.0
2017-10-20,0.025652,0.025734,0.021618,0.022325,58150,15669210.0
2017-10-21,0.022278,0.023217,0.019863,0.022545,63547,15823694.0
2017-10-22,0.022551,0.024991,0.020685,0.024954,4385,17515094.0
2017-10-23,0.024924,0.025411,0.021103,0.02322,242,16297817.0
2017-10-24,0.023169,0.023277,0.018372,0.020641,9322,14487798.0
2017-10-25,0.020651,0.021643,0.019588,0.021525,5571,15108053.0
2017-10-26,0.021518,0.02201,0.020274,0.021923,2322,15387544.0
2017-10-27,0.021915,0.023214,0.020647,0.021037,5361,14765323.0
2017-10-28,0.021094,0.021486,0.018615,0.019559,7674,13728079.0
2017-10-29,0.019532,0.022415,0.018623,0.021732,3577,15253343.0
2017-10-30,0.021674,0.022763,0.019558,0.019744,8629,13858208.0
2017-10-31,0.019681,0.020507,0.019606,0.020507,7741,14393325.0
2017-11-01,0.020492,0.021172,0.01909,0.019656,32409,13796583.0
2017-11-02,0.019679,0.021121,0.017427,0.020957,51754,14709243.0
2017-11-03,0.020929,0.021564,0.017459,0.017605,24638,12356457.0
2017-11-04,0.017559,0.01827,0.016848,0.017368,26070,12190602.0
2017-11-05,0.017336,0.018297,0.017164,0.017852,6070,12530314.0
2017-11-06,0.017891,0.019966,0.017275,0.018745,3186,13157026.0
2017-11-07,0.018708,0.019923,0.016603,0.01991,4665,13974300.0
2017-11-08,0.019847,0.022433,0.016732,0.019067,27258,13382822.0
2017-11-09,0.019048,0.030687,0.018645,0.027705,149777,19445556.0
2017-11-10,0.027787,0.028588,0.022258,0.02283,24389,16024222.0
2017-11-11,0.022749,0.02639,0.021811,0.022281,4334,15638397.0
2017-11-12,0.022264,0.022758,0.019379,0.021749,928,15265275.0
2017-11-13,0.021781,0.025962,0.021611,0.022858,3469,16043735.0
2017-11-14,0.022895,0.023874,0.022611,0.023224,879,16300835.0
2017-11-15,0.023246,0.02556,0.023246,0.025205,5529,17690776.0
2017-11-16,0.025299,0.028676,0.024642,0.027382,7663,19218777.0
2017-11-17,0.027339,0.02763,0.024004,0.026246,3489,18421999.0
2017-11-18,0.026146,0.028335,0.024123,0.028152,2205,19759509.0
2017-11-19,0.0281,0.029039,0.024736,0.027287,5558,19152098.0
2017-11-20,0.027275,0.02872,0.022746,0.027414,27843,19241589.0
2017-11-21,0.027383,0.028531,0.023218,0.025279,6697,17743066.0
2017-11-22,0.025342,0.02701,0.023626,0.023768,11347,16682309.0
2017-11-23,0.023762,0.026803,0.019243,0.025915,72704,18189114.0
2017-11-24,0.025879,0.026101,0.022946,0.025555,6619,17936786.0
2017-11-25,0.025492,0.02727,0.023596,0.025108,14672,17622834.0
2017-11-26,0.025097,0.028171,0.025075,0.027919,5805,19596180.0
2017-11-27,0.027914,0.031527,0.027046,0.02816,11868,19765194.0
2017-11-28,0.02855,0.03477,0.022439,0.030907,61274,21692919.0
2017-11-29,0.030876,0.039345,0.02574,0.026631,19991,18691943.0
2017-11-30,0.026989,0.032807,0.023491,0.026556,35944,18639091.0
2017-12-01,0.026536,0.02883,0.020042,0.028663,19258,20118452.0
2017-12-02,0.028641,0.031274,0.026613,0.027274,15314,19143395.0
2017-12-03,0.027379,0.03443,0.027347,0.0316,20110,22179254.0
2017-12-04,0.031704,0.03969,0.03167,0.035016,84155,24577521.0
2017-12-05,0.035085,0.05815,0.031884,0.054997,694514,38601234.0
2017-12-06,0.05312,0.066393,0.048794,0.054051,897137,37937533.0
2017-12-07,0.053821,0.097956,0.050993,0.097956,1225710,68753539.0
2017-12-08,0.098185,0.12496,0.082244,0.107952,2531840,75769783.0
2017-12-09,0.112994,0.1237,0.086752,0.103959,448479,72967160.0
2017-12-10,0.104377,0.104377,0.079985,0.101724,170523,71398449.0
2017-12-11,0.095909,0.124244,0.095511,0.118943,418967,83484190.0
2017-12-12,0.119324,0.122198,0.0871,0.105514,400202,74058589.0
2017-12-13,0.105601,0.113431,0.059769,0.088592,1234410,62181659.0
2017-12-14,0.08831,0.102945,0.080327,0.100423,701196,70485298.0
2017-12-15,0.100552,0.107983,0.089001,0.099389,372320,69759269.0
2017-12-16,0.099528,0.114196,0.091092,0.107783,527030,75651164.0
2017-12-17,0.113805,0.121717,0.098859,0.104159,104064,73107536.0
2017-12-18,0.104474,0.137625,0.103447,0.125219,1308930,87889214.0
2017-12-19,0.125325,0.125849,0.103451,0.109168,139571,76623273.0
2017-12-20,0.10906,0.12362,0.096163,0.106039,116840,74427078.0
2017-12-21,0.106317,0.122929,0.105433,0.111803,20302,78472738.0
2017-12-22,0.112191,0.113296,0.072109,0.089341,15983,62706738.0
2017-12-23,0.090184,0.101477,0.088235,0.090594,1203600,63586620.0
2017-12-24,0.090614,0.095142,0.074224,0.084107,897238,59033078.0
2017-12-25,0.084145,0.091533,0.076422,0.084246,737775,59131201.0
2017-12-26,0.084207,0.099778,0.083359,0.095469,839853,67008515.0
2017-12-27,0.095219,0.111708,0.094109,0.102534,1200480,71966975.0
2017-12-28,0.102565,0.105519,0.092241,0.093548,597555,65659986.0
2017-12-29,0.094415,0.101476,0.090185,0.090827,769577,63750159.0
2017-12-30,0.090654,0.091661,0.077234,0.079904,702990,56083270.0
2017-12-31,0.078985,0.09306,0.072803,0.088227,884090,61925261.0
2018-01-01,0.087645,0.090547,0.082913,0.086812,350012,60932165.0
2018-01-02,0.086877,0.089911,0.083686,0.086743,528483,60883805.0
2018-01-03,0.08669,0.090682,0.081629,0.081996,788594,57551962.0
2018-01-04,0.080961,0.08761,0.079636,0.079675,720181,55922889.0
2018-01-05,0.081343,0.089658,0.078576,0.088338,839539,62002749.0
2018-01-06,0.088509,0.125566,0.087783,0.108051,4883420,75839269.0
2018-01-07,0.108874,0.125108,0.103342,0.120229,2813180,84386813.0
2018-01-08,0.11907,0.120812,0.10623,0.110266,1416600,77393942.0
2018-01-09,0.111782,0.120478,0.111766,0.116976,998898,82103584.0
2018-01-10,0.116031,0.116309,0.095413,0.106706,1164600,74895235.0
2018-01-11,0.104738,0.111161,0.091649,0.109222,796825,76661175.0
2018-01-12,0.109223,0.116745,0.097796,0.115223,1471670,80873181.0
2018-01-13,0.114684,0.15699,0.100828,0.106787,8049310,74952088.0
2018-01-14,0.105997,0.109822,0.097432,0.102838,1121300,72180348.0
2018-01-15,0.100411,0.10419,0.09507,0.095134,963216,66773314.0
2018-01-16,0.095024,0.096,0.06063,0.07412,1318620,52023643.0
2018-01-17,0.076738,0.081156,0.051578,0.072366,1105250,50792398.0
2018-01-18,0.071299,0.084454,0.069664,0.078177,807761,54871537.0
2018-01-19,0.072465,0.081776,0.071445,0.080852,690809,56748586.0
2018-01-20,0.080826,0.096414,0.079665,0.090579,1278810,63576232.0
2018-01-21,0.091947,0.094217,0.076825,0.081705,806361,57347644.0
2018-01-22,0.081729,0.084475,0.074714,0.083045,670960,58288168.0
2018-01-23,0.083869,0.092205,0.077358,0.081139,988570,56950518.0
2018-01-24,0.081227,0.084166,0.078746,0.080997,313120,56850429.0
2018-01-25,0.081716,0.083976,0.081351,0.083559,324472,58648656.0
2018-01-26,0.082886,0.083335,0.061897,0.068029,919857,47748467.0
2018-01-27,0.068008,0.075257,0.064796,0.074749,806392,52464917.0
2018-01-28,0.074772,0.08589,0.071079,0.073951,1781670,51905235.0
2018-01-29,0.075103,0.075482,0.070741,0.071138,396379,49930274.0
2018-01-30,0.071268,0.073629,0.06374,0.064185,451806,45050215.0
2018-01-31,0.064184,0.07111,0.060979,0.062411,540732,43805002.0
2018-02-01,0.063188,0.065821,0.038356,0.041177,614603,28901408.0
2018-02-02,0.040869,0.054584,0.039126,0.052494,581653,36844418.0
2018-02-03,0.052751,0.059049,0.047371,0.058223,507039,40865652.0
2018-02-04,0.058241,0.06059,0.050672,0.051348,383396,36040200.0
2018-02-05,0.051248,0.051652,0.041065,0.04126,311702,28959875.0
2018-02-06,0.042281,0.05076,0.038407,0.047755,417006,33518330.0
2018-02-07,0.049218,0.050425,0.043989,0.043989,308692,30875316.0
2018-02-08,0.044029,0.047441,0.043739,0.04605,189607,32321829.0
2018-02-09,0.046715,0.047923,0.044072,0.047923,165130,33636177.0
2018-02-10,0.04865,0.050515,0.045762,0.046276,458475,32480384.0
2018-02-11,0.046115,0.047323,0.045428,0.046752,132171,32814271.0
2018-02-12,0.046575,0.049678,0.045871,0.048255,260808,33869623.0
2018-02-13,0.048258,0.050587,0.046435,0.048106,198382,33764622.0
2018-02-14,0.046958,0.06038,0.046876,0.060005,1164530,42116480.0
2018-02-15,0.059358,0.074823,0.059351,0.072943,2059810,51197315.0
2018-02-16,0.073155,0.077996,0.068279,0.073874,1969190,51850979.0
2018-02-17,0.073737,0.075109,0.06775,0.070301,776845,49343428.0
2018-02-18,0.069882,0.070501,0.052047,0.057502,650429,40359524.0
2018-02-19,0.057845,0.064844,0.056552,0.061974,242593,43498560.0
2018-02-20,0.061932,0.069039,0.060123,0.061173,463999,42936561.0
2018-02-21,0.061123,0.063459,0.0555,0.058055,436469,40747595.0
2018-02-22,0.057592,0.062372,0.055711,0.05987,360043,42021515.0
2018-02-23,0.059623,0.060392,0.056793,0.058518,209797,41072568.0
2018-02-24,0.058396,0.062487,0.056522,0.057392,282866,40282738.0
2018-02-25,0.057706,0.060146,0.05382,0.057136,270673,40102564.0
2018-02-26,0.057055,0.058321,0.054021,0.056341,208165,39545128.0
2018-02-27,0.05628,0.057333,0.055214,0.056032,301761,39327895.0
2018-02-28,0.056143,0.057683,0.054858,0.055202,328475,38745401.0
2018-03-01,0.055186,0.056667,0.054925,0.055583,116718,39013029.0
2018-03-02,0.055988,0.057293,0.05555,0.056664,191860,39771836.0
2018-03-03,0.056616,0.057026,0.056081,0.056265,69421,39491644.0
2018-03-04,0.05626,0.056262,0.052418,0.054735,189605,38417902.0
2018-03-05,0.054783,0.055166,0.049689,0.053587,438621,37611507.0
2018-03-06,0.053457,0.053457,0.047376,0.048508,161841,34047270.0
2018-03-07,0.048396,0.049304,0.040751,0.040764,316305,28611530.0
2018-03-08,0.040211,0.044696,0.038414,0.040644,373356,28527584.0
2018-03-09,0.040876,0.04158,0.037995,0.041577,138995,29182021.0
2018-03-10,0.041425,0.04386,0.039887,0.041183,103589,28905830.0
2018-03-11,0.041174,0.04209,0.03937,0.041419,86518,29070983.0
2018-03-12,0.041328,0.042226,0.038624,0.039122,99158,27459457.0
2018-03-13,0.039475,0.04106,0.038104,0.039175,74881,27496306.0
2018-03-14,0.039201,0.040651,0.036631,0.03739,155987,26243373.0
2018-03-15,0.037368,0.037574,0.033041,0.036757,130581,25799080.0
2018-03-16,0.037201,0.041774,0.034725,0.036134,212723,25361526.0
2018-03-17,0.036231,0.036351,0.033722,0.03435,44474,24109926.0
2018-03-18,0.034348,0.034348,0.028354,0.032195,123437,22597156.0
2018-03-19,0.032179,0.039228,0.032179,0.037908,159600,26607300.0
2018-03-20,0.038026,0.039029,0.034006,0.036869,102099,25877551.0
2018-03-21,0.036831,0.038686,0.035362,0.035797,113286,25124991.0
2018-03-22,0.035821,0.037312,0.034822,0.035023,46060,24581943.0
2018-03-23,0.035245,0.03558,0.031678,0.032572,67651,22862047.0
2018-03-24,0.032745,0.035913,0.032166,0.033425,34952,23460122.0
2018-03-25,0.033227,0.033261,0.030482,0.031126,89157,21846561.0
2018-03-26,0.031125,0.032375,0.029883,0.030529,41321,21428098.0
2018-03-27,0.030463,0.031019,0.029533,0.030142,46728,21156118.0
2018-03-28,0.030167,0.030475,0.028549,0.02975,43001,20881330.0
2018-03-29,0.029692,0.02985,0.025202,0.025227,109260,17706147.0
2018-03-30,0.025204,0.028099,0.023322,0.026273,88030,18440388.0
2018-03-31,0.025673,0.026618,0.025206,0.025887,38848,18169742.0
2018-04-01,0.025887,0.026066,0.022489,0.023862,53387,16748497.0
2018-04-02,0.023869,0.025028,0.023325,0.024412,43533,17134112.0
2018-04-03,0.024446,0.028673,0.024214,0.026172,117951,18369568.0
2018-04-04,0.02608,0.026369,0.023386,0.02379,75548,16697610.0
2018-04-05,0.023755,0.024198,0.022256,0.02364,28315,16592398.0
2018-04-06,0.0237,0.024632,0.022518,0.023379,31619,16409697.0
2018-04-07,0.023415,0.024011,0.023247,0.023265,32424,16329191.0
2018-04-08,0.023387,0.023626,0.023287,0.023436,27669,16449354.0
2018-04-09,0.023443,0.024754,0.023293,0.023506,38619,16498836.0
2018-04-10,0.023547,0.023702,0.023238,0.023434,11294,16447739.0
2018-04-11,0.023439,0.024293,0.023321,0.023792,34693,16699505.0
2018-04-12,0.023759,0.0288,0.023622,0.028527,92249,20022364.0
2018-04-13,0.027971,0.029846,0.026369,0.026847,119935,18843691.0
2018-04-14,0.026362,0.027814,0.025222,0.027028,31662,18970521.0
2018-04-15,0.027522,0.028931,0.026835,0.028931,56135,20305926.0
2018-04-16,0.028884,0.030222,0.027172,0.027979,57992,19637802.0
2018-04-17,0.02798,0.0293,0.026834,0.028206,48933,19797200.0
2018-04-18,0.028182,0.029019,0.027178,0.028998,36387,20352952.0
2018-04-19,0.02899,0.032263,0.028375,0.031988,75184,22452076.0
2018-04-20,0.031945,0.046309,0.031945,0.043506,626574,30536376.0
2018-04-21,0.04352,0.045876,0.035861,0.039802,304949,27936036.0
2018-04-22,0.040156,0.041514,0.038227,0.039041,146663,27402464.0
2018-04-23,0.039016,0.039931,0.03736,0.037822,104856,26546657.0
2018-04-24,0.037819,0.042372,0.037741,0.042261,176992,29662671.0
2018-04-25,0.041419,0.042388,0.035342,0.036572,195558,25669021.0
2018-04-26,0.036525,0.040081,0.033034,0.039717,144492,27876517.0
2018-04-27,0.039129,0.043754,0.03763,0.040412,290334,28364326.0
2018-04-28,0.041434,0.042986,0.039707,0.040747,111078,28599387.0
2018-04-29,0.04058,0.042106,0.039976,0.041261,61458,28960226.0
2018-04-30,0.041221,0.041226,0.039662,0.040559,56661,28467503.0
2018-05-01,0.03909,0.039852,0.037605,0.038422,62643,26967928.0
2018-05-02,0.039113,0.040492,0.038117,0.039068,128521,27421064.0
2018-05-03,0.039701,0.039845,0.038732,0.039131,77755,27465353.0
2018-05-04,0.039125,0.039417,0.038731,0.039234,54205,27537858.0
2018-05-05,0.039186,0.039903,0.038761,0.039294,76633,27579690.0
2018-05-06,0.039066,0.039662,0.037059,0.037845,62542,26562941.0
2018-05-07,0.037854,0.038167,0.032216,0.033353,120062,23409937.0
2018-05-08,0.033335,0.036196,0.032828,0.034687,93730,24346180.0
2018-05-09,0.034672,0.034834,0.032358,0.034254,57970,24042405.0
2018-05-10,0.03406,0.035461,0.030349,0.030355,70995,21305829.0
2018-05-11,0.030452,0.032328,0.027529,0.028981,139724,20341581.0
2018-05-12,0.028928,0.031142,0.027399,0.029517,47930,20717230.0
2018-05-13,0.029516,0.031959,0.028657,0.03184,60814,22348268.0
2018-05-14,0.031862,0.03291,0.028821,0.030297,79710,21264629.0
2018-05-15,0.03022,0.030479,0.028622,0.029022,29606,20370288.0
2018-05-16,0.028676,0.029024,0.027275,0.02853,29407,20024681.0
2018-05-17,0.028082,0.028984,0.026666,0.026666,43507,18716299.0
2018-05-18,0.026968,0.028049,0.026154,0.027904,33262,19585371.0
2018-05-19,0.027865,0.028247,0.027065,0.027778,20655,19496653.0
2018-05-20,0.027773,0.02933,0.027085,0.028693,42215,20138947.0
2018-05-21,0.028404,0.029523,0.027964,0.028822,36991,20229631.0
2018-05-22,0.028838,0.02884,0.027228,0.027882,33068,19570211.0
2018-05-23,0.02791,0.028381,0.025483,0.026998,66822,18949394.0
2018-05-24,0.027061,0.028542,0.02609,0.026829,52818,18830636.0
2018-05-25,0.026848,0.027949,0.026653,0.026697,17706,18738268.0
2018-05-26,0.026531,0.027864,0.026517,0.026599,32379,18669553.0
2018-05-27,0.026599,0.027309,0.025599,0.026082,27794,18306398.0
2018-05-28,0.026026,0.02717,0.022866,0.023884,57677,16763587.0
2018-05-29,0.023875,0.025133,0.022412,0.024211,132029,16993173.0
2018-05-30,0.024237,0.025303,0.021184,0.02309,91972,16206361.0
2018-05-31,0.023147,0.025242,0.022916,0.024666,18056,17312390.0
2018-06-01,0.024664,0.02634,0.024057,0.024756,48374,17375490.0
2018-06-02,0.024744,0.027362,0.024502,0.027099,28790,19020636.0
2018-06-03,0.027363,0.027985,0.026212,0.026619,32264,18683170.0
2018-06-04,0.026617,0.02736,0.024629,0.026131,37264,18340791.0
2018-06-05,0.026086,0.026089,0.023435,0.024751,27140,17372261.0
2018-06-06,0.024697,0.025231,0.024064,0.024354,17690,17093894.0
2018-06-07,0.023503,0.025595,0.023442,0.024502,35707,17197281.0
2018-06-08,0.024588,0.025797,0.024255,0.0244,25955,17125970.0
2018-06-09,0.024388,0.025039,0.024388,0.024546,11669,17228375.0
2018-06-10,0.024551,0.025968,0.022302,0.022935,57992,16097429.0
2018-06-11,0.023402,0.024357,0.022501,0.023581,25938,16550776.0
2018-06-12,0.023543,0.023786,0.022537,0.023068,16789,16190850.0
2018-06-13,0.023032,0.023035,0.020789,0.021275,46378,14932863.0
2018-06-14,0.021315,0.022543,0.020855,0.022093,19474,15507074.0
2018-06-15,0.022066,0.023934,0.021658,0.02266,23317,15904692.0
2018-06-16,0.022635,0.023575,0.02186,0.023395,21432,16420717.0
2018-06-17,0.023396,0.023704,0.021981,0.022582,21194,15849804.0
2018-06-18,0.022586,0.023472,0.02232,0.022932,12749,16095464.0
2018-06-19,0.022915,0.023933,0.022439,0.023332,17814,16376147.0
2018-06-20,0.023314,0.023314,0.022463,0.022574,11790,15844540.0
2018-06-21,0.022473,0.022697,0.022258,0.022258,10452,15622254.0
2018-06-22,0.022339,0.022342,0.017481,0.017567,55656,12329856.0
2018-06-23,0.017779,0.019637,0.017678,0.019628,14545,13776509.0
2018-06-24,0.019627,0.019632,0.017784,0.018298,40581,12843003.0
2018-06-25,0.018295,0.019739,0.017996,0.018909,35987,13271644.0
2018-06-26,0.01889,0.018899,0.017311,0.01812,34811,12717857.0
2018-06-27,0.01811,0.018463,0.017994,0.018121,9300,12718630.0
2018-06-28,0.018139,0.018228,0.017708,0.017763,4696,12467636.0
2018-06-29,0.018087,0.018766,0.016671,0.018562,28350,13028371.0
2018-06-30,0.018576,0.019971,0.018066,0.018183,396568,12762357.0
2018-07-01,0.018512,0.018625,0.016573,0.018366,7734,12890591.0
2018-07-02,0.018372,0.019158,0.017305,0.018821,47370,13210440.0
2018-07-03,0.019355,0.021598,0.018725,0.019365,179911,13591633.0
2018-07-04,0.019361,0.019841,0.01837,0.019667,23367,13804023.0
2018-07-05,0.019671,0.019874,0.018556,0.018982,11923,13323443.0
2018-07-06,0.018978,0.019662,0.018335,0.018685,15126,13114843.0
2018-07-07,0.018684,0.019444,0.018659,0.018908,4133,13271223.0
2018-07-08,0.018908,0.019278,0.018646,0.019001,7988,13336217.0
2018-07-09,0.019011,0.019014,0.017669,0.017699,8938,12422575.0
2018-07-10,0.017689,0.018667,0.017269,0.017712,14832,12431910.0
2018-07-11,0.017769,0.017881,0.017151,0.01771,3888,12430717.0
2018-07-12,0.017703,0.017827,0.015199,0.01709,43392,11994917.0
2018-07-13,0.01709,0.017308,0.016737,0.01722,8605,12086162.0
2018-07-14,0.017227,0.017667,0.016555,0.017509,4550,12289077.0
2018-07-15,0.017505,0.0182,0.017087,0.017344,2905,12173266.0
2018-07-16,0.017337,0.018325,0.016932,0.0179,14731,12563724.0
2018-07-17,0.018304,0.018343,0.017086,0.018005,17727,12637562.0
2018-07-18,0.017978,0.018381,0.017744,0.018107,19223,12709295.0
2018-07-19,0.018102,0.018288,0.017491,0.017972,10627,12614470.0
2018-07-20,0.017976,0.018601,0.017715,0.018054,7160,12671954.0
2018-07-21,0.018053,0.018053,0.016375,0.016376,29468,11493772.0
2018-07-22,0.01637,0.017366,0.015263,0.016651,41518,11687281.0
2018-07-23,0.016639,0.017899,0.016056,0.017407,9606,12217414.0
2018-07-24,0.017406,0.017734,0.016879,0.017634,13990,12377374.0
2018-07-25,0.017554,0.020059,0.017077,0.017849,27110,12527787.0
2018-07-26,0.017849,0.018642,0.017478,0.017514,12609,12293077.0
2018-07-27,0.017512,0.018129,0.017425,0.017716,16951,12434647.0
2018-07-28,0.01789,0.01789,0.017613,0.017643,2662,12383059.0
2018-07-29,0.017648,0.017725,0.016946,0.017218,5923,12085039.0
2018-07-30,0.017216,0.017381,0.016682,0.016871,2546,11841415.0
2018-07-31,0.01687,0.017123,0.016047,0.01686,12737,11833975.0
2018-08-01,0.016866,0.016866,0.015958,0.016754,8089,11759294.0
2018-08-02,0.016752,0.01683,0.016351,0.016356,3297,11480366.0
2018-08-03,0.016357,0.016559,0.014696,0.015307,12569,10743598.0
2018-08-04,0.01531,0.015322,0.013026,0.013701,17472,9616302.0
2018-08-05,0.013702,0.013704,0.012629,0.013457,9823,9445043.0
2018-08-06,0.013458,0.015279,0.013106,0.013488,25709,9467152.0
2018-08-07,0.013488,0.014691,0.013342,0.013342,6696,9364607.0
2018-08-08,0.013347,0.01337,0.012572,0.013104,13379,9197488.0
2018-08-09,0.013109,0.013487,0.012164,0.012866,10559,9030369.0
2018-08-10,0.012869,0.01425,0.012163,0.012518,4766,8786184.0
2018-08-11,0.012518,0.012518,0.011147,0.011406,20016,8005478.0
2018-08-12,0.011366,0.011596,0.010416,0.010474,20106,7351393.0
2018-08-13,0.010464,0.011715,0.00994,0.010411,18367,7307034.0
2018-08-14,0.010409,0.011338,0.009934,0.010809,9042,7586664.0
2018-08-15,0.010807,0.011635,0.009413,0.010139,23064,7116402.0
2018-08-16,0.010135,0.010138,0.009121,0.009746,21208,6840351.0
2018-08-17,0.009745,0.0111,0.009657,0.011092,29178,7785368.0
2018-08-18,0.011124,0.011436,0.009637,0.009764,23755,6853062.0
2018-08-19,0.009769,0.010414,0.009575,0.010102,9140,7090362.0
2018-08-20,0.0101,0.010577,0.009854,0.010166,10136,7135212.0
2018-08-21,0.010165,0.010449,0.009921,0.010439,6817,7326827.0
2018-08-22,0.010436,0.011035,0.010144,0.01015,7981,7124333.0
2018-08-23,0.010154,0.010166,0.009126,0.009784,21859,6867549.0
2018-08-24,0.009786,0.011964,0.00953,0.010613,17654,7449165.0
2018-08-25,0.010599,0.012257,0.010165,0.011391,28061,7995371.0
2018-08-26,0.011397,0.011403,0.010365,0.011029,7397,7740728.0
2018-08-27,0.011028,0.011621,0.010647,0.011598,7795,8140802.0
2018-08-28,0.011595,0.012386,0.011095,0.012216,10318,8574355.0
2018-08-29,0.012217,0.012385,0.010175,0.011341,23427,7960137.0
2018-08-30,0.011342,0.011545,0.010188,0.010806,7768,7584699.0
2018-08-31,0.010808,0.010866,0.010384,0.010391,2418,7293347.0
2018-09-01,0.010389,0.011008,0.010389,0.010803,8257,7582313.0
2018-09-02,0.010873,0.010987,0.010452,0.010842,10695,7610177.0
2018-09-03,0.010704,0.010915,0.010615,0.010615,5275,7450429.0
2018-09-04,0.010613,0.010909,0.010329,0.010776,12104,7563572.0
2018-09-05,0.010776,0.010868,0.009991,0.009991,9800,7012769.0
2018-09-06,0.009994,0.010363,0.00912,0.009776,5785,6861379.0
2018-09-07,0.009774,0.010079,0.008902,0.009747,8820,6840976.0
2018-09-08,0.009756,0.009969,0.009173,0.009599,7864,6737048.0
2018-09-09,0.009598,0.009712,0.009033,0.009287,6824,6518495.0
2018-09-10,0.009285,0.009287,0.007207,0.009076,13763,6370124.0
2018-09-11,0.009082,0.009122,0.00896,0.008963,5518,6290664.0
2018-09-12,0.008962,0.008971,0.007722,0.008125,30493,5702716.0
2018-09-13,0.008126,0.008516,0.00807,0.008512,23349,5974149.0
2018-09-14,0.00851,0.008654,0.008044,0.008316,5232,5837071.0
2018-09-15,0.008316,0.008321,0.008051,0.008315,3939,5836474.0
2018-09-16,0.008323,0.008932,0.008098,0.008928,3628,6266540.0
2018-09-17,0.008928,0.008931,0.008198,0.00826,2778,5797646.0
2018-09-18,0.00826,0.008532,0.007366,0.007766,7435,5450501.0
2018-09-19,0.007593,0.008875,0.006884,0.006964,17057,4888145.0
2018-09-20,0.007113,0.008381,0.006965,0.008002,13764,5616335.0
2018-09-21,0.00839,0.011479,0.007965,0.009435,42284,6621946.0
2018-09-22,0.009836,0.010578,0.009194,0.009637,16393,6764119.0
2018-09-23,0.009637,0.009782,0.009227,0.009285,7065,6517274.0
2018-09-24,0.009276,0.009578,0.008666,0.009095,11818,6383424.0
2018-09-25,0.009096,0.009315,0.008049,0.009308,13839,6532835.0
2018-09-26,0.009303,0.009516,0.009039,0.009512,4727,6676335.0
2018-09-27,0.009513,0.010096,0.009139,0.010096,9892,7086502.0
2018-09-28,0.010096,0.010098,0.009056,0.00942,7130,6611656.0
2018-09-29,0.00942,0.009921,0.009181,0.009331,1854,6549118.0
2018-09-30,0.009331,0.009906,0.009293,0.00968,2471,6794511.0
2018-10-01,0.00968,0.009687,0.00938,0.009451,2188,6633197.0
2018-10-02,0.00945,0.009732,0.009021,0.009127,6876,6406390.0
2018-10-03,0.009128,0.009661,0.009127,0.009505,7981,6671092.0
2018-10-04,0.009508,0.009986,0.008998,0.009813,3344,6887623.0
2018-10-05,0.009815,0.009816,0.009278,0.009549,1239,6702557.0
2018-10-06,0.009551,0.009551,0.008246,0.008246,6116,5787693.0
2018-10-07,0.008253,0.0086,0.007138,0.008174,6385,5736933.0
2018-10-08,0.008209,0.009664,0.007915,0.009657,3163,6778199.0
2018-10-09,0.009659,0.009764,0.008453,0.008519,3728,5979603.0
2018-10-10,0.008505,0.009228,0.00775,0.008337,19142,5851354.0
2018-10-11,0.008335,0.008341,0.007106,0.007334,26232,5147337.0
2018-10-12,0.007333,0.008151,0.007282,0.007456,8316,5233016.0
2018-10-13,0.007456,0.007711,0.007304,0.007457,1431,5234237.0
2018-10-14,0.007457,0.007458,0.007133,0.007221,1323,5068171.0
2018-10-15,0.007221,0.00776,0.007177,0.007344,3967,5154840.0
2018-10-16,0.007344,0.00742,0.007133,0.007365,2912,5169242.0
2018-10-17,0.007365,0.007576,0.007108,0.00711,8061,4990627.0
2018-10-18,0.007118,0.007446,0.007072,0.007104,2484,4986430.0
2018-10-19,0.007103,0.007546,0.007036,0.007248,4285,5087157.0
2018-10-20,0.007248,0.007463,0.00716,0.007284,2080,5112390.0
2018-10-21,0.007284,0.007751,0.007284,0.007376,3139,5176991.0
2018-10-22,0.007377,0.007757,0.007272,0.007337,2793,5149639.0
2018-10-23,0.007351,0.007551,0.007255,0.007275,4170,5106157.0
2018-10-24,0.007272,0.007449,0.007087,0.007115,2882,4993912.0
2018-10-25,0.007115,0.007695,0.007087,0.007258,5979,5094127.0
2018-10-26,0.007256,0.0074,0.007014,0.007181,1307,5040173.0
2018-10-27,0.007177,0.008248,0.007134,0.007413,11113,5202940.0
2018-10-28,0.007413,0.007496,0.007157,0.007225,4743,5070993.0
2018-10-29,0.007227,0.007529,0.007149,0.007179,8000,5038987.0
2018-10-30,0.00718,0.007356,0.006882,0.006892,4429,4837342.0
2018-10-31,0.006893,0.00712,0.006877,0.007104,194,4986142.0
2018-11-01,0.007105,0.007261,0.006923,0.007077,3393,4966945.0
2018-11-02,0.007075,0.007719,0.007016,0.007715,4326,5415211.0
2018-11-03,0.007147,0.008207,0.007147,0.007721,6209,5419050.0
2018-11-04,0.007662,0.008181,0.007413,0.008095,12416,5681751.0
2018-11-05,0.008096,0.008096,0.007672,0.007712,1616,5412733.0
2018-11-06,0.007711,0.0097,0.007585,0.008834,23576,6381796.0
2018-11-07,0.008837,0.009077,0.008388,0.008554,8501,6003951.0
2018-11-08,0.008555,0.008618,0.00792,0.008071,2522,5664997.0
2018-11-09,0.008071,0.008071,0.006325,0.006908,8386,4848278.0
2018-11-10,0.006907,0.008159,0.006725,0.007899,2205,5544140.0
2018-11-11,0.007899,0.008015,0.007486,0.007531,650,5285860.0
2018-11-12,0.007533,0.007828,0.006393,0.006543,7617,4592174.0
2018-11-13,0.006536,0.008332,0.005961,0.007801,2964,5475187.0
2018-11-14,0.007801,0.008252,0.007024,0.007035,8385,4937593.0
2018-11-15,0.007044,0.007488,0.006357,0.006595,9690,4628686.0
2018-11-16,0.006591,0.007208,0.00642,0.007067,7544,4960039.0
2018-11-17,0.007067,0.007296,0.006843,0.007032,3082,4935803.0
2018-11-18,0.007033,0.007246,0.006773,0.007241,4048,5082490.0
2018-11-19,0.006935,0.007242,0.006309,0.006583,6477,4620706.0
2018-11-20,0.006583,0.006876,0.006202,0.006316,10543,4433191.0
2018-11-21,0.006318,0.006632,0.006113,0.00663,4893,4653589.0
2018-11-22,0.006631,0.006632,0.00623,0.00623,2850,4372927.0
2018-11-23,0.006228,0.006259,0.005759,0.00576,3428,4043196.0
2018-11-24,0.005845,0.005947,0.005135,0.005177,3544,3633808.0
2018-11-25,0.005103,0.005459,0.004543,0.005456,8568,3829430.0
2018-11-26,0.005455,0.006598,0.00507,0.005087,6302,3570182.0
2018-11-27,0.005087,0.005594,0.005036,0.005395,3673,3786643.0
2018-11-28,0.005395,0.006391,0.005395,0.005904,11894,4143811.0
2018-11-29,0.00591,0.006166,0.00547,0.005788,4166,4062728.0
2018-11-30,0.00579,0.005904,0.005354,0.005466,10231,3836704.0
2018-12-01,0.005466,0.006164,0.005466,0.00605,927,4246058.0
2018-12-02,0.006049,0.006049,0.005475,0.005685,2902,3990534.0
2018-12-03,0.005686,0.005773,0.005542,0.00559,2268,3923344.0
2018-12-04,0.00559,0.005752,0.005462,0.005492,3624,3854629.0
2018-12-05,0.005492,0.005577,0.00539,0.005399,1171,3789468.0
2018-12-06,0.005397,0.005707,0.005202,0.005202,2878,3651427.0
2018-12-07,0.005203,0.005306,0.00478,0.004951,5187,3474798.0
2018-12-08,0.004951,0.005289,0.004826,0.005199,1132,3649091.0
2018-12-09,0.005198,0.005283,0.00486,0.005247,2366,3682990.0
2018-12-10,0.005247,0.005294,0.004943,0.005036,1315,3534711.0
2018-12-11,0.005036,0.005041,0.004507,0.004906,1780,3443121.0
2018-12-12,0.004906,0.004908,0.004523,0.004711,482,3306230.0
2018-12-13,0.00471,0.004733,0.003511,0.004251,3711,2984050.0
2018-12-14,0.004252,0.004638,0.003957,0.004612,4514,3237382.0
2018-12-15,0.004613,0.004644,0.004067,0.004371,941,3067854.0
2018-12-16,0.004371,0.004622,0.004079,0.004282,1547,3005244.0
2018-12-17,0.004281,0.004611,0.004179,0.00443,1218,3109386.0
2018-12-18,0.004431,0.004917,0.004024,0.004917,7312,3451370.0
2018-12-19,0.00492,0.005103,0.004461,0.004959,4958,3480631.0
2018-12-20,0.004959,0.005175,0.004551,0.005148,5273,3613217.0
2018-12-21,0.005148,0.006262,0.00509,0.00556,13686,3902310.0
2018-12-22,0.00556,0.006026,0.005549,0.005585,11486,3919801.0
2018-12-23,0.005585,0.00584,0.005577,0.00584,2878,4099239.0
2018-12-24,0.005839,0.00594,0.005525,0.005771,8978,4050504.0
2018-12-25,0.005773,0.005775,0.005054,0.005061,4729,3552524.0
2018-12-26,0.005058,0.005589,0.005058,0.005395,2124,3786899.0
2018-12-27,0.005397,0.005418,0.004969,0.005263,1535,3693887.0
2018-12-28,0.005018,0.005299,0.004828,0.005278,5708,3704524.0
2018-12-29,0.005278,0.00544,0.004902,0.004904,4311,3441800.0
2018-12-30,0.004904,0.005343,0.004852,0.00512,5710,3593811.0
2018-12-31,0.005119,0.005119,0.004534,0.004832,9862,3391191.0
2019-01-01,0.004832,0.004832,0.004303,0.004472,1533,3138531.0
2019-01-02,0.004693,0.005133,0.00449,0.004773,1652,3350221.0
2019-01-03,0.004772,0.005025,0.004738,0.00474,493,3326636.0
2019-01-04,0.004746,0.004978,0.004423,0.004883,5236,3427036.0
2019-01-05,0.004883,0.005044,0.004427,0.004752,4508,3335122.0
2019-01-06,0.004752,0.004954,0.004473,0.004945,5896,3470992.0
2019-01-07,0.004948,0.00495,0.004629,0.004808,2209,3374663.0
2019-01-08,0.004807,0.004807,0.004549,0.00478,3236,3354986.0
2019-01-09,0.004781,0.004876,0.004569,0.004752,1703,3335268.0
2019-01-10,0.004756,0.004767,0.004232,0.004241,6789,2976527.0
2019-01-11,0.004241,0.004541,0.004178,0.004184,1016,2936687.0
2019-01-12,0.004183,0.004191,0.003707,0.004028,3412,2827408.0
2019-01-13,0.004027,0.004132,0.003707,0.004013,1584,2816841.0
2019-01-14,0.004014,0.004014,0.003375,0.003802,1847,2668412.0
2019-01-15,0.003802,0.004201,0.003695,0.003697,443,2595082.0
2019-01-16,0.003696,0.003891,0.003242,0.003891,1047,2731377.0
2019-01-17,0.003891,0.004284,0.003171,0.003171,213,2225826.0
2019-01-18,0.00317,0.004292,0.003164,0.004287,126,3008704.0
2019-01-19,0.004287,0.004351,0.003829,0.00397,1684,2786699.0
2019-01-20,0.003969,0.004283,0.003576,0.004281,137,3004426.0
2019-01-21,0.004282,0.004285,0.004098,0.004123,583,2893891.0
2019-01-22,0.004123,0.004287,0.003764,0.003838,846,2694083.0
2019-01-23,0.003838,0.004186,0.003529,0.004069,965,2855813.0
2019-01-24,0.004069,0.004204,0.00406,0.004168,680,2925264.0
2019-01-25,0.004168,0.004268,0.004102,0.004102,412,2879374.0
2019-01-26,0.004102,0.004316,0.003974,0.004304,29,3021224.0
2019-01-27,0.004305,0.004314,0.004127,0.004163,55,2922231.0
2019-01-28,0.0042,0.004207,0.003923,0.003928,1182,2756991.0
2019-01-29,0.003928,0.004117,0.0033,0.004117,194,2889601.0
2019-01-30,0.004117,0.004117,0.001792,0.002971,8246,2085441.0
2019-01-31,0.002971,0.00406,0.002436,0.003962,943,2780557.0
2019-02-01,0.003962,0.004043,0.003688,0.003921,2852,2752322.0
2019-02-02,0.00392,0.003965,0.003738,0.00377,724,2645955.0
2019-02-03,0.003788,0.003854,0.00362,0.003776,889,2650471.0
2019-02-04,0.003777,0.003779,0.003626,0.003674,706,2578578.0
2019-02-05,0.003672,0.003698,0.002799,0.002961,2154,2078310.0
2019-02-06,0.002962,0.003359,0.002782,0.002782,1587,1952955.0
2019-02-07,0.002784,0.002995,0.002761,0.002952,1926,2071855.0
2019-02-08,0.002951,0.003458,0.00295,0.003336,1902,2341605.0
2019-02-09,0.003336,0.003624,0.003248,0.00356,858,2498799.0
2019-02-10,0.003561,0.003562,0.003071,0.003108,951,2181577.0
2019-02-11,0.003108,0.003339,0.002639,0.003173,481,2227198.0
2019-02-12,0.003173,0.003214,0.003164,0.003166,36,2222514.0
2019-02-13,0.003167,0.003251,0.003033,0.003036,703,2130930.0
2019-02-14,0.003035,0.003183,0.002951,0.003029,1653,2125903.0
2019-02-15,0.003029,0.003169,0.002877,0.003004,1083,2108135.0
2019-02-16,0.003004,0.003005,0.002465,0.002507,533,1759871.0
2019-02-17,0.002507,0.003371,0.002506,0.003121,1396,2190613.0
2019-02-18,0.003123,0.003436,0.003122,0.003263,3115,2290539.0
2019-02-19,0.003264,0.003425,0.003262,0.003413,422,2395712.0
2019-02-20,0.003413,0.003786,0.003389,0.003603,1601,2528938.0
2019-02-21,0.003603,0.004741,0.00327,0.004424,9008,3104952.0
2019-02-22,0.004424,0.005052,0.004127,0.004546,6742,3190734.0
2019-02-23,0.004546,0.00546,0.004546,0.004987,5944,3500305.0
2019-02-24,0.004986,0.005203,0.004224,0.004231,8565,2969380.0
2019-02-25,0.004229,0.00525,0.004176,0.004963,7855,3483315.0
2019-02-26,0.004961,0.006205,0.004959,0.0058,9992,4070825.0
2019-02-27,0.005801,0.005999,0.005172,0.005335,3460,3744482.0
2019-02-28,0.005334,0.006122,0.005088,0.005913,5532,4150547.0
2019-03-01,0.005909,0.006068,0.005257,0.005345,2937,3751285.0
2019-03-02,0.005344,0.005835,0.004867,0.005541,4543,3889252.0
2019-03-03,0.00554,0.00603,0.005497,0.005723,2037,4017026.0
2019-03-04,0.005722,0.013185,0.005709,0.01019,87337,7152462.0
2019-03-05,0.010187,0.014104,0.010167,0.014079,74305,9881766.0
2019-03-06,0.014084,0.02405,0.012315,0.017907,353170,12568882.0
2019-03-07,0.019057,0.019986,0.01255,0.014164,124921,9941199.0
2019-03-08,0.013346,0.01502,0.011564,0.013592,50515,9539814.0
2019-03-09,0.013592,0.015284,0.012523,0.013673,23894,9597079.0
2019-03-10,0.013673,0.017589,0.010929,0.014872,59233,10438287.0
2019-03-11,0.014871,0.019985,0.013299,0.01347,70232,9454412.0
2019-03-12,0.013474,0.016621,0.012532,0.016619,16862,11664765.0
2019-03-13,0.016617,0.017966,0.014875,0.015015,20307,10539019.0
2019-03-14,0.015013,0.016802,0.013911,0.015261,23267,10711703.0
2019-03-15,0.015256,0.015825,0.014184,0.015555,17289,10917601.0
2019-03-16,0.015555,0.015739,0.014382,0.015029,16344,10548739.0
2019-03-17,0.015029,0.016025,0.014632,0.015956,4962,11199315.0
2019-03-18,0.015955,0.016016,0.014535,0.015449,7411,10843637.0
2019-03-19,0.015454,0.016397,0.015408,0.015879,7929,11145304.0
2019-03-20,0.015872,0.016621,0.015348,0.016447,9106,11544194.0
2019-03-21,0.016452,0.016537,0.015504,0.015898,6366,11158760.0
2019-03-22,0.015901,0.016288,0.015119,0.015189,6196,10661002.0
2019-03-23,0.015189,0.015946,0.014453,0.014932,10414,10480411.0
2019-03-24,0.014932,0.015004,0.011905,0.012954,16751,9092331.0
2019-03-25,0.012954,0.013883,0.01181,0.01181,23804,8289391.0
2019-03-26,0.011815,0.011815,0.009951,0.010766,15094,7556822.0
2019-03-27,0.011066,0.014683,0.010904,0.01452,49597,10191153.0
2019-03-28,0.01452,0.014864,0.012209,0.012286,14814,8623517.0
2019-03-29,0.012286,0.013339,0.011193,0.012122,18887,8508094.0
2019-03-30,0.012122,0.012623,0.01158,0.012273,9345,8614459.0
2019-03-31,0.012273,0.013103,0.012266,0.013064,3134,9169695.0
2019-04-01,0.012613,0.016106,0.012603,0.01414,45965,9924434.0
2019-04-02,0.014141,0.018662,0.013638,0.016622,127165,11667011.0
2019-04-03,0.016623,0.017409,0.01427,0.01427,53955,10015836.0
2019-04-04,0.014271,0.015256,0.012705,0.01275,23613,8948679.0
2019-04-05,0.01275,0.0145,0.012734,0.01445,18892,10142320.0
2019-04-06,0.0145,0.01504,0.013963,0.014729,9405,10338035.0
2019-04-07,0.013968,0.014717,0.013965,0.01449,13560,10170350.0
2019-04-08,0.01449,0.015699,0.01449,0.014656,19721,10286488.0
2019-04-09,0.014656,0.014769,0.010313,0.010505,27160,7373580.0
2019-04-10,0.010505,0.014671,0.010155,0.01427,7045,10016231.0
2019-04-11,0.014269,0.014508,0.012742,0.013239,23919,9292232.0
2019-04-12,0.01324,0.013922,0.012948,0.013885,8862,9745787.0
2019-04-13,0.013885,0.014231,0.01297,0.013818,3274,9698341.0
2019-04-14,0.013818,0.013823,0.012992,0.01382,5122,9700384.0
2019-04-15,0.01382,0.014093,0.013407,0.013577,6850,9529239.0
2019-04-16,0.013576,0.013687,0.01303,0.013611,5658,9553636.0
2019-04-17,0.013612,0.014022,0.013352,0.013686,3413,9605672.0
2019-04-18,0.013685,0.013707,0.01325,0.013393,4182,9400180.0
2019-04-19,0.013394,0.013454,0.01247,0.012897,3265,9052003.0
2019-04-20,0.012897,0.015214,0.012893,0.013394,44305,9400986.0
2019-04-21,0.013394,0.014112,0.011822,0.01411,21727,9903313.0
2019-04-22,0.014107,0.017107,0.013758,0.016249,57969,11404834.0
2019-04-23,0.016249,0.016282,0.014426,0.015179,26470,10653790.0
2019-04-24,0.015179,0.01519,0.01397,0.014564,14340,10222161.0
2019-04-25,0.014563,0.01512,0.013961,0.013972,10207,9806457.0
2019-04-26,0.01397,0.014278,0.013311,0.013899,7050,9755472.0
2019-04-27,0.013899,0.014549,0.013122,0.014066,5864,9872372.0
2019-04-28,0.014066,0.014427,0.013789,0.014071,3920,9875979.0
2019-04-29,0.01407,0.014148,0.013492,0.013658,3713,9585994.0
2019-04-30,0.013658,0.014374,0.013657,0.014362,1210,10080335.0
2019-05-01,0.014362,0.014431,0.014093,0.014299,1913,10035912.0
2019-05-02,0.014299,0.014299,0.013624,0.0139,2321,9756190.0
2019-05-03,0.013901,0.014296,0.013638,0.013665,6120,9590913.0
2019-05-04,0.013665,0.013964,0.013065,0.013778,6089,9670297.0
2019-05-05,0.013778,0.014278,0.012989,0.014259,1457,10008450.0
2019-05-06,0.01426,0.014297,0.013539,0.014085,4398,9886093.0
2019-05-07,0.014086,0.014606,0.01373,0.014601,5151,10247955.0
2019-05-08,0.014601,0.014613,0.01381,0.014159,2711,9938222.0
2019-05-09,0.014159,0.01431,0.013884,0.013934,5618,9780329.0
2019-05-10,0.013934,0.01412,0.013461,0.014031,7886,9847966.0
2019-05-11,0.014031,0.014037,0.013422,0.013542,10589,9504632.0
2019-05-12,0.013542,0.014279,0.013326,0.013329,9585,9355721.0
2019-05-13,0.013329,0.013964,0.013114,0.013631,5601,9567183.0
2019-05-14,0.013631,0.016325,0.013619,0.014522,44801,10192764.0
2019-05-15,0.014522,0.016441,0.014519,0.015619,30237,10962530.0
2019-05-16,0.015619,0.017339,0.015196,0.016196,50294,11367930.0
2019-05-17,0.016198,0.016377,0.01231,0.01231,23803,8640374.0
